Group,Sample Size (n),Smoking Rate
Not Sad,9320,0.16180257510729615
Sad,3854,0.2760768033212247
