Sex Group,Sample Size (n),Smoking Rate
Female,6502,0.21639495539833897
Male,6661,0.17429815343041585
